cell,corner,vdd_V,temp_C,input,output,before,after,output_edge,delay_ps,slew_20_80_ps,ideal_wire
rev_not,tt,1.8,27,A,Y,0,1,fall,47.0662,32.4417,False
rev_not,tt,1.8,27,A,Y,1,0,rise,85.8044,83.7673,False
rev_not,tt,1.62,125,A,Y,0,1,fall,56.0695,39.3238,False
rev_not,tt,1.62,125,A,Y,1,0,rise,87.6006,89.6162,False
rev_not,tt,1.98,-40,A,Y,0,1,fall,39.9314,29.2223,False
rev_not,tt,1.98,-40,A,Y,1,0,rise,81.003,77.2819,False
rev_not,ss,1.8,27,A,Y,0,1,fall,54.3118,34.9679,False
rev_not,ss,1.8,27,A,Y,1,0,rise,115.4135,117.227,False
rev_not,ss,1.62,125,A,Y,0,1,fall,66.1875,46.0546,False
rev_not,ss,1.62,125,A,Y,1,0,rise,118.0612,124.833,False
rev_not,ss,1.98,-40,A,Y,0,1,fall,46.2095,29.9132,False
rev_not,ss,1.98,-40,A,Y,1,0,rise,107.5343,106.6497,False
rev_not,ff,1.8,27,A,Y,0,1,fall,39.9478,31.7676,False
rev_not,ff,1.8,27,A,Y,1,0,rise,68.1439,66.7708,False
rev_not,ff,1.62,125,A,Y,0,1,fall,48.0694,36.2281,False
rev_not,ff,1.62,125,A,Y,1,0,rise,71.826,72.6013,False
rev_not,ff,1.98,-40,A,Y,0,1,fall,33.535,29.7002,False
rev_not,ff,1.98,-40,A,Y,1,0,rise,64.4722,63.8724,False
rev_not,sf,1.8,27,A,Y,0,1,fall,39.1547,31.6373,False
rev_not,sf,1.8,27,A,Y,1,0,rise,117.2497,118.4093,False
rev_not,sf,1.62,125,A,Y,0,1,fall,47.15,35.8493,False
rev_not,sf,1.62,125,A,Y,1,0,rise,122.869,130.6684,False
rev_not,sf,1.98,-40,A,Y,0,1,fall,32.83,29.6578,False
rev_not,sf,1.98,-40,A,Y,1,0,rise,106.299,103.2427,False
rev_not,fs,1.8,27,A,Y,0,1,fall,55.1955,34.7939,False
rev_not,fs,1.8,27,A,Y,1,0,rise,67.041,66.7024,False
rev_not,fs,1.62,125,A,Y,0,1,fall,67.8039,46.9783,False
rev_not,fs,1.62,125,A,Y,1,0,rise,72.6513,74.8047,False
rev_not,fs,1.98,-40,A,Y,0,1,fall,46.7792,29.4785,False
rev_not,fs,1.98,-40,A,Y,1,0,rise,62.3644,62.8977,False
rev_cnot,tt,1.8,27,A,A_OUT,00,10,rise,0.0,60.0,True
rev_cnot,tt,1.8,27,A,B_OUT,00,10,rise,113.1944,181.8424,False
rev_cnot,tt,1.8,27,B,B_OUT,00,01,rise,42.3511,115.1119,False
rev_cnot,tt,1.8,27,A,A_OUT,01,11,rise,0.0,60.0,True
rev_cnot,tt,1.8,27,A,B_OUT,01,11,fall,57.9142,52.2492,False
rev_cnot,tt,1.8,27,B,B_OUT,01,00,fall,43.3757,49.0849,False
rev_cnot,tt,1.8,27,A,A_OUT,10,00,fall,0.0,60.0,True
rev_cnot,tt,1.8,27,A,B_OUT,10,00,fall,77.0447,39.9505,False
rev_cnot,tt,1.8,27,B,B_OUT,10,11,fall,70.0657,51.3403,False
rev_cnot,tt,1.8,27,A,A_OUT,11,01,fall,0.0,60.0,True
rev_cnot,tt,1.8,27,A,B_OUT,11,01,rise,81.2954,84.8644,False
rev_cnot,tt,1.8,27,B,B_OUT,11,10,rise,139.8757,188.7438,False
rev_cnot,tt,1.62,125,A,A_OUT,00,10,rise,0.0,60.0,True
rev_cnot,tt,1.62,125,A,B_OUT,00,10,rise,128.8429,203.3242,False
rev_cnot,tt,1.62,125,B,B_OUT,00,01,rise,48.603,118.8769,False
rev_cnot,tt,1.62,125,A,A_OUT,01,11,rise,0.0,60.0,True
rev_cnot,tt,1.62,125,A,B_OUT,01,11,fall,73.369,73.1892,False
rev_cnot,tt,1.62,125,B,B_OUT,01,00,fall,48.9062,57.4451,False
rev_cnot,tt,1.62,125,A,A_OUT,10,00,fall,0.0,60.0,True
rev_cnot,tt,1.62,125,A,B_OUT,10,00,fall,83.831,51.0598,False
rev_cnot,tt,1.62,125,B,B_OUT,10,11,fall,88.8825,74.0586,False
rev_cnot,tt,1.62,125,A,A_OUT,11,01,fall,0.0,60.0,True
rev_cnot,tt,1.62,125,A,B_OUT,11,01,rise,85.9164,93.8261,False
rev_cnot,tt,1.62,125,B,B_OUT,11,10,rise,151.2709,208.9319,False
rev_cnot,tt,1.98,-40,A,A_OUT,00,10,rise,0.0,60.0,True
rev_cnot,tt,1.98,-40,A,B_OUT,00,10,rise,97.3496,160.2974,False
rev_cnot,tt,1.98,-40,B,B_OUT,00,01,rise,34.6051,109.3827,False
rev_cnot,tt,1.98,-40,A,A_OUT,01,11,rise,0.0,60.0,True
rev_cnot,tt,1.98,-40,A,B_OUT,01,11,fall,47.5011,41.0986,False
rev_cnot,tt,1.98,-40,B,B_OUT,01,00,fall,37.9546,44.7252,False
rev_cnot,tt,1.98,-40,A,A_OUT,10,00,fall,0.0,60.0,True
rev_cnot,tt,1.98,-40,A,B_OUT,10,00,fall,69.8898,32.8926,False
rev_cnot,tt,1.98,-40,B,B_OUT,10,11,fall,57.6714,39.2824,False
rev_cnot,tt,1.98,-40,A,A_OUT,11,01,fall,0.0,60.0,True
rev_cnot,tt,1.98,-40,A,B_OUT,11,01,rise,74.2179,75.7997,False
rev_cnot,tt,1.98,-40,B,B_OUT,11,10,rise,125.2909,167.3864,False
rev_cnot,ss,1.8,27,A,A_OUT,00,10,rise,0.0,60.0,True
rev_cnot,ss,1.8,27,A,B_OUT,00,10,rise,161.2564,269.0893,False
rev_cnot,ss,1.8,27,B,B_OUT,00,01,rise,55.2222,145.0737,False
rev_cnot,ss,1.8,27,A,A_OUT,01,11,rise,0.0,60.0,True
rev_cnot,ss,1.8,27,A,B_OUT,01,11,fall,70.7217,62.744,False
rev_cnot,ss,1.8,27,B,B_OUT,01,00,fall,52.264,49.7773,False
rev_cnot,ss,1.8,27,A,A_OUT,10,00,fall,0.0,60.0,True
rev_cnot,ss,1.8,27,A,B_OUT,10,00,fall,101.8348,50.1624,False
rev_cnot,ss,1.8,27,B,B_OUT,10,11,fall,85.4733,63.1,False
rev_cnot,ss,1.8,27,A,A_OUT,11,01,fall,0.0,60.0,True
rev_cnot,ss,1.8,27,A,B_OUT,11,01,rise,112.6457,122.0395,False
rev_cnot,ss,1.8,27,B,B_OUT,11,10,rise,200.988,274.9284,False
rev_cnot,ss,1.62,125,A,A_OUT,00,10,rise,0.0,60.0,True
rev_cnot,ss,1.62,125,A,B_OUT,00,10,rise,182.0176,297.1158,False
rev_cnot,ss,1.62,125,B,B_OUT,00,01,rise,63.562,151.7823,False
rev_cnot,ss,1.62,125,A,A_OUT,01,11,rise,0.0,60.0,True
rev_cnot,ss,1.62,125,A,B_OUT,01,11,fall,93.2362,94.6736,False
rev_cnot,ss,1.62,125,B,B_OUT,01,00,fall,60.1416,62.8819,False
rev_cnot,ss,1.62,125,A,A_OUT,10,00,fall,0.0,60.0,True
rev_cnot,ss,1.62,125,A,B_OUT,10,00,fall,113.0436,66.7629,False
rev_cnot,ss,1.62,125,B,B_OUT,10,11,fall,113.1132,96.34,False
rev_cnot,ss,1.62,125,A,A_OUT,11,01,fall,0.0,60.0,True
rev_cnot,ss,1.62,125,A,B_OUT,11,01,rise,118.9869,133.7293,False
rev_cnot,ss,1.62,125,B,B_OUT,11,10,rise,217.1091,302.9765,False
rev_cnot,ss,1.98,-40,A,A_OUT,00,10,rise,0.0,60.0,True
rev_cnot,ss,1.98,-40,A,B_OUT,00,10,rise,137.707,234.1157,False
rev_cnot,ss,1.98,-40,B,B_OUT,00,01,rise,46.6846,134.5854,False
rev_cnot,ss,1.98,-40,A,A_OUT,01,11,rise,0.0,60.0,True
rev_cnot,ss,1.98,-40,A,B_OUT,01,11,fall,56.3277,46.009,False
rev_cnot,ss,1.98,-40,B,B_OUT,01,00,fall,45.7045,43.1307,False
rev_cnot,ss,1.98,-40,A,A_OUT,10,00,fall,0.0,60.0,True
rev_cnot,ss,1.98,-40,A,B_OUT,10,00,fall,90.4256,39.7871,False
rev_cnot,ss,1.98,-40,B,B_OUT,10,11,fall,67.8097,44.6756,False
rev_cnot,ss,1.98,-40,A,A_OUT,11,01,fall,0.0,60.0,True
rev_cnot,ss,1.98,-40,A,B_OUT,11,01,rise,101.3477,107.5749,False
rev_cnot,ss,1.98,-40,B,B_OUT,11,10,rise,177.5845,240.7254,False
rev_cnot,ff,1.8,27,A,A_OUT,00,10,rise,0.0,60.0,True
rev_cnot,ff,1.8,27,A,B_OUT,00,10,rise,84.0535,133.8404,False
rev_cnot,ff,1.8,27,B,B_OUT,00,01,rise,30.9155,98.0497,False
rev_cnot,ff,1.8,27,A,A_OUT,01,11,rise,0.0,60.0,True
rev_cnot,ff,1.8,27,A,B_OUT,01,11,fall,47.4534,45.9735,False
rev_cnot,ff,1.8,27,B,B_OUT,01,00,fall,35.2454,49.6704,False
rev_cnot,ff,1.8,27,A,A_OUT,10,00,fall,0.0,60.0,True
rev_cnot,ff,1.8,27,A,B_OUT,10,00,fall,60.6961,33.7591,False
rev_cnot,ff,1.8,27,B,B_OUT,10,11,fall,58.6506,44.8694,False
rev_cnot,ff,1.8,27,A,A_OUT,11,01,fall,0.0,60.0,True
rev_cnot,ff,1.8,27,A,B_OUT,11,01,rise,61.9796,65.4371,False
rev_cnot,ff,1.8,27,B,B_OUT,11,10,rise,104.4066,140.2163,False
rev_cnot,ff,1.62,125,A,A_OUT,00,10,rise,0.0,60.0,True
rev_cnot,ff,1.62,125,A,B_OUT,00,10,rise,97.8079,152.5729,False
rev_cnot,ff,1.62,125,B,B_OUT,00,01,rise,37.7471,101.608,False
rev_cnot,ff,1.62,125,A,A_OUT,01,11,rise,0.0,60.0,True
rev_cnot,ff,1.62,125,A,B_OUT,01,11,fall,59.1618,60.1225,False
rev_cnot,ff,1.62,125,B,B_OUT,01,00,fall,40.4239,54.4555,False
rev_cnot,ff,1.62,125,A,A_OUT,10,00,fall,0.0,60.0,True
rev_cnot,ff,1.62,125,A,B_OUT,10,00,fall,67.0006,41.6464,False
rev_cnot,ff,1.62,125,B,B_OUT,10,11,fall,72.4323,59.9921,False
rev_cnot,ff,1.62,125,A,A_OUT,11,01,fall,0.0,60.0,True
rev_cnot,ff,1.62,125,A,B_OUT,11,01,rise,67.5696,73.6195,False
rev_cnot,ff,1.62,125,B,B_OUT,11,10,rise,116.143,158.5536,False
rev_cnot,ff,1.98,-40,A,A_OUT,00,10,rise,0.0,60.0,True
rev_cnot,ff,1.98,-40,A,B_OUT,00,10,rise,73.6798,122.7495,False
rev_cnot,ff,1.98,-40,B,B_OUT,00,01,rise,23.9126,95.4392,False
rev_cnot,ff,1.98,-40,A,A_OUT,01,11,rise,0.0,60.0,True
rev_cnot,ff,1.98,-40,A,B_OUT,01,11,fall,38.5782,38.3519,False
rev_cnot,ff,1.98,-40,B,B_OUT,01,00,fall,30.7144,46.3298,False
rev_cnot,ff,1.98,-40,A,A_OUT,10,00,fall,0.0,60.0,True
rev_cnot,ff,1.98,-40,A,B_OUT,10,00,fall,55.0652,29.2817,False
rev_cnot,ff,1.98,-40,B,B_OUT,10,11,fall,49.4103,36.9805,False
rev_cnot,ff,1.98,-40,A,A_OUT,11,01,fall,0.0,60.0,True
rev_cnot,ff,1.98,-40,A,B_OUT,11,01,rise,56.7036,60.7774,False
rev_cnot,ff,1.98,-40,B,B_OUT,11,10,rise,94.5466,128.8568,False
rev_cnot,sf,1.8,27,A,A_OUT,00,10,rise,0.0,60.0,True
rev_cnot,sf,1.8,27,A,B_OUT,00,10,rise,124.5356,251.0831,False
rev_cnot,sf,1.8,27,B,B_OUT,00,01,rise,35.6884,131.8478,False
rev_cnot,sf,1.8,27,A,A_OUT,01,11,rise,0.0,60.0,True
rev_cnot,sf,1.8,27,A,B_OUT,01,11,fall,49.2483,46.2959,False
rev_cnot,sf,1.8,27,B,B_OUT,01,00,fall,42.1893,42.2848,False
rev_cnot,sf,1.8,27,A,A_OUT,10,00,fall,0.0,60.0,True
rev_cnot,sf,1.8,27,A,B_OUT,10,00,fall,91.2873,39.7737,False
rev_cnot,sf,1.8,27,B,B_OUT,10,11,fall,60.0512,44.0417,False
rev_cnot,sf,1.8,27,A,A_OUT,11,01,fall,0.0,60.0,True
rev_cnot,sf,1.8,27,A,B_OUT,11,01,rise,97.7951,107.3587,False
rev_cnot,sf,1.8,27,B,B_OUT,11,10,rise,175.5884,258.2568,False
rev_cnot,sf,1.62,125,A,A_OUT,00,10,rise,0.0,60.0,True
rev_cnot,sf,1.62,125,A,B_OUT,00,10,rise,145.292,290.401,False
rev_cnot,sf,1.62,125,B,B_OUT,00,01,rise,44.2468,143.2274,False
rev_cnot,sf,1.62,125,A,A_OUT,01,11,rise,0.0,60.0,True
rev_cnot,sf,1.62,125,A,B_OUT,01,11,fall,61.2609,60.4693,False
rev_cnot,sf,1.62,125,B,B_OUT,01,00,fall,48.182,48.2258,False
rev_cnot,sf,1.62,125,A,A_OUT,10,00,fall,0.0,60.0,True
rev_cnot,sf,1.62,125,A,B_OUT,10,00,fall,100.2733,49.716,False
rev_cnot,sf,1.62,125,B,B_OUT,10,11,fall,75.0431,59.5837,False
rev_cnot,sf,1.62,125,A,A_OUT,11,01,fall,0.0,60.0,True
rev_cnot,sf,1.62,125,A,B_OUT,11,01,rise,107.871,124.9855,False
rev_cnot,sf,1.62,125,B,B_OUT,11,10,rise,194.785,297.1287,False
rev_cnot,sf,1.98,-40,A,A_OUT,00,10,rise,0.0,60.0,True
rev_cnot,sf,1.98,-40,A,B_OUT,00,10,rise,102.6164,209.3273,False
rev_cnot,sf,1.98,-40,B,B_OUT,00,01,rise,26.5517,119.8318,False
rev_cnot,sf,1.98,-40,A,A_OUT,01,11,rise,0.0,60.0,True
rev_cnot,sf,1.98,-40,A,B_OUT,01,11,fall,40.3407,38.9661,False
rev_cnot,sf,1.98,-40,B,B_OUT,01,00,fall,36.5397,39.4393,False
rev_cnot,sf,1.98,-40,A,A_OUT,10,00,fall,0.0,60.0,True
rev_cnot,sf,1.98,-40,A,B_OUT,10,00,fall,81.5913,32.9787,False
rev_cnot,sf,1.98,-40,B,B_OUT,10,11,fall,50.1787,36.0433,False
rev_cnot,sf,1.98,-40,A,A_OUT,11,01,fall,0.0,60.0,True
rev_cnot,sf,1.98,-40,A,B_OUT,11,01,rise,86.0091,89.715,False
rev_cnot,sf,1.98,-40,B,B_OUT,11,10,rise,151.5082,216.8318,False
rev_cnot,fs,1.8,27,A,A_OUT,00,10,rise,0.0,60.0,True
rev_cnot,fs,1.8,27,A,B_OUT,00,10,rise,107.0171,140.4781,False
rev_cnot,fs,1.8,27,B,B_OUT,00,01,rise,43.4474,100.3615,False
rev_cnot,fs,1.8,27,A,A_OUT,01,11,rise,0.0,60.0,True
rev_cnot,fs,1.8,27,A,B_OUT,01,11,fall,67.6274,61.7541,False
rev_cnot,fs,1.8,27,B,B_OUT,01,00,fall,43.2671,60.1761,False
rev_cnot,fs,1.8,27,A,A_OUT,10,00,fall,0.0,60.0,True
rev_cnot,fs,1.8,27,A,B_OUT,10,00,fall,66.5661,41.993,False
rev_cnot,fs,1.8,27,B,B_OUT,10,11,fall,81.34,62.6069,False
rev_cnot,fs,1.8,27,A,A_OUT,11,01,fall,0.0,60.0,True
rev_cnot,fs,1.8,27,A,B_OUT,11,01,rise,67.8924,71.4192,False
rev_cnot,fs,1.8,27,B,B_OUT,11,10,rise,115.5569,145.6117,False
rev_cnot,fs,1.62,125,A,A_OUT,00,10,rise,0.0,60.0,True
rev_cnot,fs,1.62,125,A,B_OUT,00,10,rise,125.8798,163.4347,False
rev_cnot,fs,1.62,125,B,B_OUT,00,01,rise,50.5177,103.7354,False
rev_cnot,fs,1.62,125,A,A_OUT,01,11,rise,0.0,60.0,True
rev_cnot,fs,1.62,125,A,B_OUT,01,11,fall,89.1461,93.9964,False
rev_cnot,fs,1.62,125,B,B_OUT,01,00,fall,49.9269,70.0488,False
rev_cnot,fs,1.62,125,A,A_OUT,10,00,fall,0.0,60.0,True
rev_cnot,fs,1.62,125,A,B_OUT,10,00,fall,76.7166,57.0233,False
rev_cnot,fs,1.62,125,B,B_OUT,10,11,fall,106.9622,96.3442,False
rev_cnot,fs,1.62,125,A,A_OUT,11,01,fall,0.0,60.0,True
rev_cnot,fs,1.62,125,A,B_OUT,11,01,rise,74.6904,81.2491,False
rev_cnot,fs,1.62,125,B,B_OUT,11,10,rise,131.9571,167.367,False
rev_cnot,fs,1.98,-40,A,A_OUT,00,10,rise,0.0,60.0,True
rev_cnot,fs,1.98,-40,A,B_OUT,00,10,rise,93.0353,126.6009,False
rev_cnot,fs,1.98,-40,B,B_OUT,00,01,rise,36.3879,98.1682,False
rev_cnot,fs,1.98,-40,A,A_OUT,01,11,rise,0.0,60.0,True
rev_cnot,fs,1.98,-40,A,B_OUT,01,11,fall,53.6458,44.5786,False
rev_cnot,fs,1.98,-40,B,B_OUT,01,00,fall,37.5612,53.6989,False
rev_cnot,fs,1.98,-40,A,A_OUT,10,00,fall,0.0,60.0,True
rev_cnot,fs,1.98,-40,A,B_OUT,10,00,fall,58.544,33.789,False
rev_cnot,fs,1.98,-40,B,B_OUT,10,11,fall,65.1425,44.2262,False
rev_cnot,fs,1.98,-40,A,A_OUT,11,01,fall,0.0,60.0,True
rev_cnot,fs,1.98,-40,A,B_OUT,11,01,rise,61.832,66.1373,False
rev_cnot,fs,1.98,-40,B,B_OUT,11,10,rise,102.9332,132.8319,False
rev_toffoli,tt,1.8,27,A,A_OUT,000,100,rise,0.0,60.0,True
rev_toffoli,tt,1.8,27,B,B_OUT,000,010,rise,0.0,60.0,True
rev_toffoli,tt,1.8,27,C,C_OUT,000,001,rise,43.5583,115.909,False
rev_toffoli,tt,1.8,27,A,A_OUT,001,101,rise,0.0,60.0,True
rev_toffoli,tt,1.8,27,B,B_OUT,001,011,rise,0.0,60.0,True
rev_toffoli,tt,1.8,27,C,C_OUT,001,000,fall,42.2586,48.2487,False
rev_toffoli,tt,1.8,27,A,A_OUT,010,110,rise,0.0,60.0,True
rev_toffoli,tt,1.8,27,A,C_OUT,010,110,rise,138.4389,176.3674,False
rev_toffoli,tt,1.8,27,B,B_OUT,010,000,fall,0.0,60.0,True
rev_toffoli,tt,1.8,27,C,C_OUT,010,011,rise,42.1862,115.063,False
rev_toffoli,tt,1.8,27,A,A_OUT,011,111,rise,0.0,60.0,True
rev_toffoli,tt,1.8,27,A,C_OUT,011,111,fall,101.3451,56.668,False
rev_toffoli,tt,1.8,27,B,B_OUT,011,001,fall,0.0,60.0,True
rev_toffoli,tt,1.8,27,C,C_OUT,011,010,fall,42.9884,49.0658,False
rev_toffoli,tt,1.8,27,A,A_OUT,100,000,fall,0.0,60.0,True
rev_toffoli,tt,1.8,27,B,B_OUT,100,110,rise,0.0,60.0,True
rev_toffoli,tt,1.8,27,B,C_OUT,100,110,rise,142.9181,176.4503,False
rev_toffoli,tt,1.8,27,C,C_OUT,100,101,rise,42.1885,115.0644,False
rev_toffoli,tt,1.8,27,A,A_OUT,101,001,fall,0.0,60.0,True
rev_toffoli,tt,1.8,27,B,B_OUT,101,111,rise,0.0,60.0,True
rev_toffoli,tt,1.8,27,B,C_OUT,101,111,fall,105.8895,56.6671,False
rev_toffoli,tt,1.8,27,C,C_OUT,101,100,fall,42.9898,49.0661,False
rev_toffoli,tt,1.8,27,A,A_OUT,110,010,fall,0.0,60.0,True
rev_toffoli,tt,1.8,27,A,C_OUT,110,010,fall,118.0087,42.0487,False
rev_toffoli,tt,1.8,27,B,B_OUT,110,100,fall,0.0,60.0,True
rev_toffoli,tt,1.8,27,B,C_OUT,110,100,fall,146.0042,43.6091,False
rev_toffoli,tt,1.8,27,C,C_OUT,110,111,fall,71.5327,53.1225,False
rev_toffoli,tt,1.8,27,A,A_OUT,111,011,fall,0.0,60.0,True
rev_toffoli,tt,1.8,27,A,C_OUT,111,011,rise,133.5333,85.4391,False
rev_toffoli,tt,1.8,27,B,B_OUT,111,101,fall,0.0,60.0,True
rev_toffoli,tt,1.8,27,B,C_OUT,111,101,rise,162.1999,86.37,False
rev_toffoli,tt,1.8,27,C,C_OUT,111,110,rise,137.4984,187.482,False
rev_toffoli,tt,1.62,125,A,A_OUT,000,100,rise,0.0,60.0,True
rev_toffoli,tt,1.62,125,B,B_OUT,000,010,rise,0.0,60.0,True
rev_toffoli,tt,1.62,125,C,C_OUT,000,001,rise,49.8308,119.6496,False
rev_toffoli,tt,1.62,125,A,A_OUT,001,101,rise,0.0,60.0,True
rev_toffoli,tt,1.62,125,B,B_OUT,001,011,rise,0.0,60.0,True
rev_toffoli,tt,1.62,125,C,C_OUT,001,000,fall,47.6603,56.3859,False
rev_toffoli,tt,1.62,125,A,A_OUT,010,110,rise,0.0,60.0,True
rev_toffoli,tt,1.62,125,A,C_OUT,010,110,rise,160.9087,196.6977,False
rev_toffoli,tt,1.62,125,B,B_OUT,010,000,fall,0.0,60.0,True
rev_toffoli,tt,1.62,125,C,C_OUT,010,011,rise,48.6724,118.9607,False
rev_toffoli,tt,1.62,125,A,A_OUT,011,111,rise,0.0,60.0,True
rev_toffoli,tt,1.62,125,A,C_OUT,011,111,fall,126.0408,79.9779,False
rev_toffoli,tt,1.62,125,B,B_OUT,011,001,fall,0.0,60.0,True
rev_toffoli,tt,1.62,125,C,C_OUT,011,010,fall,48.4159,57.4975,False
rev_toffoli,tt,1.62,125,A,A_OUT,100,000,fall,0.0,60.0,True
rev_toffoli,tt,1.62,125,B,B_OUT,100,110,rise,0.0,60.0,True
rev_toffoli,tt,1.62,125,B,C_OUT,100,110,rise,166.7136,196.7592,False
rev_toffoli,tt,1.62,125,C,C_OUT,100,101,rise,48.6754,118.9611,False
rev_toffoli,tt,1.62,125,A,A_OUT,101,001,fall,0.0,60.0,True
rev_toffoli,tt,1.62,125,B,B_OUT,101,111,rise,0.0,60.0,True
rev_toffoli,tt,1.62,125,B,C_OUT,101,111,fall,131.8442,80.0471,False
rev_toffoli,tt,1.62,125,C,C_OUT,101,100,fall,48.4178,57.4995,False
rev_toffoli,tt,1.62,125,A,A_OUT,110,010,fall,0.0,60.0,True
rev_toffoli,tt,1.62,125,A,C_OUT,110,010,fall,132.6075,52.6838,False
rev_toffoli,tt,1.62,125,B,B_OUT,110,100,fall,0.0,60.0,True
rev_toffoli,tt,1.62,125,B,C_OUT,110,100,fall,162.0222,54.5701,False
rev_toffoli,tt,1.62,125,C,C_OUT,110,111,fall,90.7382,76.0152,False
rev_toffoli,tt,1.62,125,A,A_OUT,111,011,fall,0.0,60.0,True
rev_toffoli,tt,1.62,125,A,C_OUT,111,011,rise,148.6245,94.5487,False
rev_toffoli,tt,1.62,125,B,B_OUT,111,101,fall,0.0,60.0,True
rev_toffoli,tt,1.62,125,B,C_OUT,111,101,rise,178.6,95.3304,False
rev_toffoli,tt,1.62,125,C,C_OUT,111,110,rise,148.8651,207.8234,False
rev_toffoli,tt,1.98,-40,A,A_OUT,000,100,rise,0.0,60.0,True
rev_toffoli,tt,1.98,-40,B,B_OUT,000,010,rise,0.0,60.0,True
rev_toffoli,tt,1.98,-40,C,C_OUT,000,001,rise,35.9121,110.125,False
rev_toffoli,tt,1.98,-40,A,A_OUT,001,101,rise,0.0,60.0,True
rev_toffoli,tt,1.98,-40,B,B_OUT,001,011,rise,0.0,60.0,True
rev_toffoli,tt,1.98,-40,C,C_OUT,001,000,fall,36.8987,43.9692,False
rev_toffoli,tt,1.98,-40,A,A_OUT,010,110,rise,0.0,60.0,True
rev_toffoli,tt,1.98,-40,A,C_OUT,010,110,rise,115.9955,155.658,False
rev_toffoli,tt,1.98,-40,B,B_OUT,010,000,fall,0.0,60.0,True
rev_toffoli,tt,1.98,-40,C,C_OUT,010,011,rise,34.2486,109.2733,False
rev_toffoli,tt,1.98,-40,A,A_OUT,011,111,rise,0.0,60.0,True
rev_toffoli,tt,1.98,-40,A,C_OUT,011,111,fall,82.0324,42.9453,False
rev_toffoli,tt,1.98,-40,B,B_OUT,011,001,fall,0.0,60.0,True
rev_toffoli,tt,1.98,-40,C,C_OUT,011,010,fall,37.6293,44.6388,False
rev_toffoli,tt,1.98,-40,A,A_OUT,100,000,fall,0.0,60.0,True
rev_toffoli,tt,1.98,-40,B,B_OUT,100,110,rise,0.0,60.0,True
rev_toffoli,tt,1.98,-40,B,C_OUT,100,110,rise,120.2492,155.6961,False
rev_toffoli,tt,1.98,-40,C,C_OUT,100,101,rise,34.2505,109.2744,False
rev_toffoli,tt,1.98,-40,A,A_OUT,101,001,fall,0.0,60.0,True
rev_toffoli,tt,1.98,-40,B,B_OUT,101,111,rise,0.0,60.0,True
rev_toffoli,tt,1.98,-40,B,C_OUT,101,111,fall,86.3855,42.9114,False
rev_toffoli,tt,1.98,-40,C,C_OUT,101,100,fall,37.6301,44.6394,False
rev_toffoli,tt,1.98,-40,A,A_OUT,110,010,fall,0.0,60.0,True
rev_toffoli,tt,1.98,-40,A,C_OUT,110,010,fall,104.7272,35.051,False
rev_toffoli,tt,1.98,-40,B,B_OUT,110,100,fall,0.0,60.0,True
rev_toffoli,tt,1.98,-40,B,C_OUT,110,100,fall,130.5618,36.637,False
rev_toffoli,tt,1.98,-40,C,C_OUT,110,111,fall,58.623,40.6354,False
rev_toffoli,tt,1.98,-40,A,A_OUT,111,011,fall,0.0,60.0,True
rev_toffoli,tt,1.98,-40,A,C_OUT,111,011,rise,118.6868,76.4941,False
rev_toffoli,tt,1.98,-40,B,B_OUT,111,101,fall,0.0,60.0,True
rev_toffoli,tt,1.98,-40,B,C_OUT,111,101,rise,145.3697,77.5433,False
rev_toffoli,tt,1.98,-40,C,C_OUT,111,110,rise,122.9366,166.1156,False
rev_toffoli,ss,1.8,27,A,A_OUT,000,100,rise,0.0,60.0,True
rev_toffoli,ss,1.8,27,B,B_OUT,000,010,rise,0.0,60.0,True
rev_toffoli,ss,1.8,27,C,C_OUT,000,001,rise,57.1085,146.3736,False
rev_toffoli,ss,1.8,27,A,A_OUT,001,101,rise,0.0,60.0,True
rev_toffoli,ss,1.8,27,B,B_OUT,001,011,rise,0.0,60.0,True
rev_toffoli,ss,1.8,27,C,C_OUT,001,000,fall,50.6411,48.3932,False
rev_toffoli,ss,1.8,27,A,A_OUT,010,110,rise,0.0,60.0,True
rev_toffoli,ss,1.8,27,A,C_OUT,010,110,rise,200.0942,256.2785,False
rev_toffoli,ss,1.8,27,B,B_OUT,010,000,fall,0.0,60.0,True
rev_toffoli,ss,1.8,27,C,C_OUT,010,011,rise,55.278,144.9234,False
rev_toffoli,ss,1.8,27,A,A_OUT,011,111,rise,0.0,60.0,True
rev_toffoli,ss,1.8,27,A,C_OUT,011,111,fall,136.8346,71.9706,False
rev_toffoli,ss,1.8,27,B,B_OUT,011,001,fall,0.0,60.0,True
rev_toffoli,ss,1.8,27,C,C_OUT,011,010,fall,51.5647,49.6043,False
rev_toffoli,ss,1.8,27,A,A_OUT,100,000,fall,0.0,60.0,True
rev_toffoli,ss,1.8,27,B,B_OUT,100,110,rise,0.0,60.0,True
rev_toffoli,ss,1.8,27,B,C_OUT,100,110,rise,204.9836,256.3718,False
rev_toffoli,ss,1.8,27,C,C_OUT,100,101,rise,55.2817,144.9263,False
rev_toffoli,ss,1.8,27,A,A_OUT,101,001,fall,0.0,60.0,True
rev_toffoli,ss,1.8,27,B,B_OUT,101,111,rise,0.0,60.0,True
rev_toffoli,ss,1.8,27,B,C_OUT,101,111,fall,141.7316,72.0173,False
rev_toffoli,ss,1.8,27,C,C_OUT,101,100,fall,51.5668,49.606,False
rev_toffoli,ss,1.8,27,A,A_OUT,110,010,fall,0.0,60.0,True
rev_toffoli,ss,1.8,27,A,C_OUT,110,010,fall,162.4995,53.2625,False
rev_toffoli,ss,1.8,27,B,B_OUT,110,100,fall,0.0,60.0,True
rev_toffoli,ss,1.8,27,B,C_OUT,110,100,fall,205.7204,55.2045,False
rev_toffoli,ss,1.8,27,C,C_OUT,110,111,fall,88.2877,65.7749,False
rev_toffoli,ss,1.8,27,A,A_OUT,111,011,fall,0.0,60.0,True
rev_toffoli,ss,1.8,27,A,C_OUT,111,011,rise,189.6542,122.3049,False
rev_toffoli,ss,1.8,27,B,B_OUT,111,101,fall,0.0,60.0,True
rev_toffoli,ss,1.8,27,B,C_OUT,111,101,rise,233.7146,123.2867,False
rev_toffoli,ss,1.8,27,C,C_OUT,111,110,rise,197.6328,272.9811,False
rev_toffoli,ss,1.62,125,A,A_OUT,000,100,rise,0.0,60.0,True
rev_toffoli,ss,1.62,125,B,B_OUT,000,010,rise,0.0,60.0,True
rev_toffoli,ss,1.62,125,C,C_OUT,000,001,rise,65.7121,152.9022,False
rev_toffoli,ss,1.62,125,A,A_OUT,001,101,rise,0.0,60.0,True
rev_toffoli,ss,1.62,125,B,B_OUT,001,011,rise,0.0,60.0,True
rev_toffoli,ss,1.62,125,C,C_OUT,001,000,fall,58.043,61.1439,False
rev_toffoli,ss,1.62,125,A,A_OUT,010,110,rise,0.0,60.0,True
rev_toffoli,ss,1.62,125,A,C_OUT,010,110,rise,230.4688,284.3997,False
rev_toffoli,ss,1.62,125,B,B_OUT,010,000,fall,0.0,60.0,True
rev_toffoli,ss,1.62,125,C,C_OUT,010,011,rise,63.9291,151.8012,False
rev_toffoli,ss,1.62,125,A,A_OUT,011,111,rise,0.0,60.0,True
rev_toffoli,ss,1.62,125,A,C_OUT,011,111,fall,171.2283,105.577,False
rev_toffoli,ss,1.62,125,B,B_OUT,011,001,fall,0.0,60.0,True
rev_toffoli,ss,1.62,125,C,C_OUT,011,010,fall,59.2165,62.9887,False
rev_toffoli,ss,1.62,125,A,A_OUT,100,000,fall,0.0,60.0,True
rev_toffoli,ss,1.62,125,B,B_OUT,100,110,rise,0.0,60.0,True
rev_toffoli,ss,1.62,125,B,C_OUT,100,110,rise,238.0096,284.4479,False
rev_toffoli,ss,1.62,125,C,C_OUT,100,101,rise,63.935,151.8042,False
rev_toffoli,ss,1.62,125,A,A_OUT,101,001,fall,0.0,60.0,True
rev_toffoli,ss,1.62,125,B,B_OUT,101,111,rise,0.0,60.0,True
rev_toffoli,ss,1.62,125,B,C_OUT,101,111,fall,178.8046,105.545,False
rev_toffoli,ss,1.62,125,C,C_OUT,101,100,fall,59.2205,62.9932,False
rev_toffoli,ss,1.62,125,A,A_OUT,110,010,fall,0.0,60.0,True
rev_toffoli,ss,1.62,125,A,C_OUT,110,010,fall,185.4634,69.1267,False
rev_toffoli,ss,1.62,125,B,B_OUT,110,100,fall,0.0,60.0,True
rev_toffoli,ss,1.62,125,B,C_OUT,110,100,fall,230.5327,71.5055,False
rev_toffoli,ss,1.62,125,C,C_OUT,110,111,fall,116.4064,99.3569,False
rev_toffoli,ss,1.62,125,A,A_OUT,111,011,fall,0.0,60.0,True
rev_toffoli,ss,1.62,125,A,C_OUT,111,011,rise,212.2413,134.1692,False
rev_toffoli,ss,1.62,125,B,B_OUT,111,101,fall,0.0,60.0,True
rev_toffoli,ss,1.62,125,B,C_OUT,111,101,rise,257.9463,135.0277,False
rev_toffoli,ss,1.62,125,C,C_OUT,111,110,rise,213.6212,301.2709,False
rev_toffoli,ss,1.98,-40,A,A_OUT,000,100,rise,0.0,60.0,True
rev_toffoli,ss,1.98,-40,B,B_OUT,000,010,rise,0.0,60.0,True
rev_toffoli,ss,1.98,-40,C,C_OUT,000,001,rise,48.4017,135.8202,False
rev_toffoli,ss,1.98,-40,A,A_OUT,001,101,rise,0.0,60.0,True
rev_toffoli,ss,1.98,-40,B,B_OUT,001,011,rise,0.0,60.0,True
rev_toffoli,ss,1.98,-40,C,C_OUT,001,000,fall,44.2407,42.1517,False
rev_toffoli,ss,1.98,-40,A,A_OUT,010,110,rise,0.0,60.0,True
rev_toffoli,ss,1.98,-40,A,C_OUT,010,110,rise,166.8845,223.0669,False
rev_toffoli,ss,1.98,-40,B,B_OUT,010,000,fall,0.0,60.0,True
rev_toffoli,ss,1.98,-40,C,C_OUT,010,011,rise,46.4333,134.3287,False
rev_toffoli,ss,1.98,-40,A,A_OUT,011,111,rise,0.0,60.0,True
rev_toffoli,ss,1.98,-40,A,C_OUT,011,111,fall,110.092,52.5656,False
rev_toffoli,ss,1.98,-40,B,B_OUT,011,001,fall,0.0,60.0,True
rev_toffoli,ss,1.98,-40,C,C_OUT,011,010,fall,45.1057,43.0114,False
rev_toffoli,ss,1.98,-40,A,A_OUT,100,000,fall,0.0,60.0,True
rev_toffoli,ss,1.98,-40,B,B_OUT,100,110,rise,0.0,60.0,True
rev_toffoli,ss,1.98,-40,B,C_OUT,100,110,rise,170.8744,223.1415,False
rev_toffoli,ss,1.98,-40,C,C_OUT,100,101,rise,46.436,134.3308,False
rev_toffoli,ss,1.98,-40,A,A_OUT,101,001,fall,0.0,60.0,True
rev_toffoli,ss,1.98,-40,B,B_OUT,101,111,rise,0.0,60.0,True
rev_toffoli,ss,1.98,-40,B,C_OUT,101,111,fall,114.1238,52.6604,False
rev_toffoli,ss,1.98,-40,C,C_OUT,101,100,fall,45.1071,43.0122,False
rev_toffoli,ss,1.98,-40,A,A_OUT,110,010,fall,0.0,60.0,True
rev_toffoli,ss,1.98,-40,A,C_OUT,110,010,fall,141.0686,43.1403,False
rev_toffoli,ss,1.98,-40,B,B_OUT,110,100,fall,0.0,60.0,True
rev_toffoli,ss,1.98,-40,B,C_OUT,110,100,fall,180.8174,44.837,False
rev_toffoli,ss,1.98,-40,C,C_OUT,110,111,fall,69.7816,46.8638,False
rev_toffoli,ss,1.98,-40,A,A_OUT,111,011,fall,0.0,60.0,True
rev_toffoli,ss,1.98,-40,A,C_OUT,111,011,rise,165.6684,108.5455,False
rev_toffoli,ss,1.98,-40,B,B_OUT,111,101,fall,0.0,60.0,True
rev_toffoli,ss,1.98,-40,B,C_OUT,111,101,rise,206.3916,109.6621,False
rev_toffoli,ss,1.98,-40,C,C_OUT,111,110,rise,174.2996,238.8491,False
rev_toffoli,ff,1.8,27,A,A_OUT,000,100,rise,0.0,60.0,True
rev_toffoli,ff,1.8,27,B,B_OUT,000,010,rise,0.0,60.0,True
rev_toffoli,ff,1.8,27,C,C_OUT,000,001,rise,31.8734,98.5598,False
rev_toffoli,ff,1.8,27,A,A_OUT,001,101,rise,0.0,60.0,True
rev_toffoli,ff,1.8,27,B,B_OUT,001,011,rise,0.0,60.0,True
rev_toffoli,ff,1.8,27,C,C_OUT,001,000,fall,34.3997,48.9851,False
rev_toffoli,ff,1.8,27,A,A_OUT,010,110,rise,0.0,60.0,True
rev_toffoli,ff,1.8,27,A,C_OUT,010,110,rise,100.3767,131.0416,False
rev_toffoli,ff,1.8,27,B,B_OUT,010,000,fall,0.0,60.0,True
rev_toffoli,ff,1.8,27,C,C_OUT,010,011,rise,30.7139,98.0502,False
rev_toffoli,ff,1.8,27,A,A_OUT,011,111,rise,0.0,60.0,True
rev_toffoli,ff,1.8,27,A,C_OUT,011,111,fall,76.8987,46.5292,False
rev_toffoli,ff,1.8,27,B,B_OUT,011,001,fall,0.0,60.0,True
rev_toffoli,ff,1.8,27,C,C_OUT,011,010,fall,34.9932,49.6238,False
rev_toffoli,ff,1.8,27,A,A_OUT,100,000,fall,0.0,60.0,True
rev_toffoli,ff,1.8,27,B,B_OUT,100,110,rise,0.0,60.0,True
rev_toffoli,ff,1.8,27,B,C_OUT,100,110,rise,105.1375,131.0674,False
rev_toffoli,ff,1.8,27,C,C_OUT,100,101,rise,30.7155,98.051,False
rev_toffoli,ff,1.8,27,A,A_OUT,101,001,fall,0.0,60.0,True
rev_toffoli,ff,1.8,27,B,B_OUT,101,111,rise,0.0,60.0,True
rev_toffoli,ff,1.8,27,B,C_OUT,101,111,fall,81.7699,46.5739,False
rev_toffoli,ff,1.8,27,C,C_OUT,101,100,fall,34.9941,49.6243,False
rev_toffoli,ff,1.8,27,A,A_OUT,110,010,fall,0.0,60.0,True
rev_toffoli,ff,1.8,27,A,C_OUT,110,010,fall,90.8109,35.1161,False
rev_toffoli,ff,1.8,27,B,B_OUT,110,100,fall,0.0,60.0,True
rev_toffoli,ff,1.8,27,B,C_OUT,110,100,fall,110.1388,36.6607,False
rev_toffoli,ff,1.8,27,C,C_OUT,110,111,fall,59.3786,45.8978,False
rev_toffoli,ff,1.8,27,A,A_OUT,111,011,fall,0.0,60.0,True
rev_toffoli,ff,1.8,27,A,C_OUT,111,011,rise,100.4092,64.7345,False
rev_toffoli,ff,1.8,27,B,B_OUT,111,101,fall,0.0,60.0,True
rev_toffoli,ff,1.8,27,B,C_OUT,111,101,rise,120.4544,65.6977,False
rev_toffoli,ff,1.8,27,C,C_OUT,111,110,rise,102.6528,139.2888,False
rev_toffoli,ff,1.62,125,A,A_OUT,000,100,rise,0.0,60.0,True
rev_toffoli,ff,1.62,125,B,B_OUT,000,010,rise,0.0,60.0,True
rev_toffoli,ff,1.62,125,C,C_OUT,000,001,rise,38.6145,102.1097,False
rev_toffoli,ff,1.62,125,A,A_OUT,001,101,rise,0.0,60.0,True
rev_toffoli,ff,1.62,125,B,B_OUT,001,011,rise,0.0,60.0,True
rev_toffoli,ff,1.62,125,C,C_OUT,001,000,fall,39.4869,53.7429,False
rev_toffoli,ff,1.62,125,A,A_OUT,010,110,rise,0.0,60.0,True
rev_toffoli,ff,1.62,125,A,C_OUT,010,110,rise,120.5089,149.106,False
rev_toffoli,ff,1.62,125,B,B_OUT,010,000,fall,0.0,60.0,True
rev_toffoli,ff,1.62,125,C,C_OUT,010,011,rise,37.6823,101.7144,False
rev_toffoli,ff,1.62,125,A,A_OUT,011,111,rise,0.0,60.0,True
rev_toffoli,ff,1.62,125,A,C_OUT,011,111,fall,97.5531,63.4139,False
rev_toffoli,ff,1.62,125,B,B_OUT,011,001,fall,0.0,60.0,True
rev_toffoli,ff,1.62,125,C,C_OUT,011,010,fall,40.1134,54.521,False
rev_toffoli,ff,1.62,125,A,A_OUT,100,000,fall,0.0,60.0,True
rev_toffoli,ff,1.62,125,B,B_OUT,100,110,rise,0.0,60.0,True
rev_toffoli,ff,1.62,125,B,C_OUT,100,110,rise,125.6476,149.1711,False
rev_toffoli,ff,1.62,125,C,C_OUT,100,101,rise,37.6843,101.7148,False
rev_toffoli,ff,1.62,125,A,A_OUT,101,001,fall,0.0,60.0,True
rev_toffoli,ff,1.62,125,B,B_OUT,101,111,rise,0.0,60.0,True
rev_toffoli,ff,1.62,125,B,C_OUT,101,111,fall,102.7405,63.4273,False
rev_toffoli,ff,1.62,125,C,C_OUT,101,100,fall,40.1147,54.522,False
rev_toffoli,ff,1.62,125,A,A_OUT,110,010,fall,0.0,60.0,True
rev_toffoli,ff,1.62,125,A,C_OUT,110,010,fall,102.9305,42.7994,False
rev_toffoli,ff,1.62,125,B,B_OUT,110,100,fall,0.0,60.0,True
rev_toffoli,ff,1.62,125,B,C_OUT,110,100,fall,124.1108,44.3934,False
rev_toffoli,ff,1.62,125,C,C_OUT,110,111,fall,73.4555,61.2271,False
rev_toffoli,ff,1.62,125,A,A_OUT,111,011,fall,0.0,60.0,True
rev_toffoli,ff,1.62,125,A,C_OUT,111,011,rise,113.7157,73.3331,False
rev_toffoli,ff,1.62,125,B,B_OUT,111,101,fall,0.0,60.0,True
rev_toffoli,ff,1.62,125,B,C_OUT,111,101,rise,135.5545,74.1028,False
rev_toffoli,ff,1.62,125,C,C_OUT,111,110,rise,114.3822,157.7232,False
rev_toffoli,ff,1.98,-40,A,A_OUT,000,100,rise,0.0,60.0,True
rev_toffoli,ff,1.98,-40,B,B_OUT,000,010,rise,0.0,60.0,True
rev_toffoli,ff,1.98,-40,C,C_OUT,000,001,rise,24.9458,95.9435,False
rev_toffoli,ff,1.98,-40,A,A_OUT,001,101,rise,0.0,60.0,True
rev_toffoli,ff,1.98,-40,B,B_OUT,001,011,rise,0.0,60.0,True
rev_toffoli,ff,1.98,-40,C,C_OUT,001,000,fall,29.883,45.7375,False
rev_toffoli,ff,1.98,-40,A,A_OUT,010,110,rise,0.0,60.0,True
rev_toffoli,ff,1.98,-40,A,C_OUT,010,110,rise,84.8049,120.0025,False
rev_toffoli,ff,1.98,-40,B,B_OUT,010,000,fall,0.0,60.0,True
rev_toffoli,ff,1.98,-40,C,C_OUT,010,011,rise,23.6201,95.372,False
rev_toffoli,ff,1.98,-40,A,A_OUT,011,111,rise,0.0,60.0,True
rev_toffoli,ff,1.98,-40,A,C_OUT,011,111,fall,61.9802,36.7533,False
rev_toffoli,ff,1.98,-40,B,B_OUT,011,001,fall,0.0,60.0,True
rev_toffoli,ff,1.98,-40,C,C_OUT,011,010,fall,30.477,46.2897,False
rev_toffoli,ff,1.98,-40,A,A_OUT,100,000,fall,0.0,60.0,True
rev_toffoli,ff,1.98,-40,B,B_OUT,100,110,rise,0.0,60.0,True
rev_toffoli,ff,1.98,-40,B,C_OUT,100,110,rise,89.4214,120.0072,False
rev_toffoli,ff,1.98,-40,C,C_OUT,100,101,rise,23.6214,95.3726,False
rev_toffoli,ff,1.98,-40,A,A_OUT,101,001,fall,0.0,60.0,True
rev_toffoli,ff,1.98,-40,B,B_OUT,101,111,rise,0.0,60.0,True
rev_toffoli,ff,1.98,-40,B,C_OUT,101,111,fall,66.7343,36.7685,False
rev_toffoli,ff,1.98,-40,C,C_OUT,101,100,fall,30.4776,46.29,False
rev_toffoli,ff,1.98,-40,A,A_OUT,110,010,fall,0.0,60.0,True
rev_toffoli,ff,1.98,-40,A,C_OUT,110,010,fall,81.5264,30.3715,False
rev_toffoli,ff,1.98,-40,B,B_OUT,110,100,fall,0.0,60.0,True
rev_toffoli,ff,1.98,-40,B,C_OUT,110,100,fall,99.5469,32.0033,False
rev_toffoli,ff,1.98,-40,C,C_OUT,110,111,fall,49.9072,37.802,False
rev_toffoli,ff,1.98,-40,A,A_OUT,111,011,fall,0.0,60.0,True
rev_toffoli,ff,1.98,-40,A,C_OUT,111,011,rise,90.4063,60.0076,False
rev_toffoli,ff,1.98,-40,B,B_OUT,111,101,fall,0.0,60.0,True
rev_toffoli,ff,1.98,-40,B,C_OUT,111,101,rise,109.3605,61.0032,False
rev_toffoli,ff,1.98,-40,C,C_OUT,111,110,rise,92.7563,127.8382,False
rev_toffoli,sf,1.8,27,A,A_OUT,000,100,rise,0.0,60.0,True
rev_toffoli,sf,1.8,27,B,B_OUT,000,010,rise,0.0,60.0,True
rev_toffoli,sf,1.8,27,C,C_OUT,000,001,rise,37.9685,133.6553,False
rev_toffoli,sf,1.8,27,A,A_OUT,001,101,rise,0.0,60.0,True
rev_toffoli,sf,1.8,27,B,B_OUT,001,011,rise,0.0,60.0,True
rev_toffoli,sf,1.8,27,C,C_OUT,001,000,fall,40.6238,41.4224,False
rev_toffoli,sf,1.8,27,A,A_OUT,010,110,rise,0.0,60.0,True
rev_toffoli,sf,1.8,27,A,C_OUT,010,110,rise,152.2876,238.3662,False
rev_toffoli,sf,1.8,27,B,B_OUT,010,000,fall,0.0,60.0,True
rev_toffoli,sf,1.8,27,C,C_OUT,010,011,rise,35.474,131.7492,False
rev_toffoli,sf,1.8,27,A,A_OUT,011,111,rise,0.0,60.0,True
rev_toffoli,sf,1.8,27,A,C_OUT,011,111,fall,104.4062,51.4049,False
rev_toffoli,sf,1.8,27,B,B_OUT,011,001,fall,0.0,60.0,True
rev_toffoli,sf,1.8,27,C,C_OUT,011,010,fall,41.5172,42.1597,False
rev_toffoli,sf,1.8,27,A,A_OUT,100,000,fall,0.0,60.0,True
rev_toffoli,sf,1.8,27,B,B_OUT,100,110,rise,0.0,60.0,True
rev_toffoli,sf,1.8,27,B,C_OUT,100,110,rise,156.5515,238.4886,False
rev_toffoli,sf,1.8,27,C,C_OUT,100,101,rise,35.4776,131.7523,False
rev_toffoli,sf,1.8,27,A,A_OUT,101,001,fall,0.0,60.0,True
rev_toffoli,sf,1.8,27,B,B_OUT,101,111,rise,0.0,60.0,True
rev_toffoli,sf,1.8,27,B,C_OUT,101,111,fall,108.7128,51.4259,False
rev_toffoli,sf,1.8,27,C,C_OUT,101,100,fall,41.519,42.1604,False
rev_toffoli,sf,1.8,27,A,A_OUT,110,010,fall,0.0,60.0,True
rev_toffoli,sf,1.8,27,A,C_OUT,110,010,fall,138.3455,45.0688,False
rev_toffoli,sf,1.8,27,B,B_OUT,110,100,fall,0.0,60.0,True
rev_toffoli,sf,1.8,27,B,C_OUT,110,100,fall,174.2476,48.6206,False
rev_toffoli,sf,1.8,27,C,C_OUT,110,111,fall,61.5396,45.9933,False
rev_toffoli,sf,1.8,27,A,A_OUT,111,011,fall,0.0,60.0,True
rev_toffoli,sf,1.8,27,A,C_OUT,111,011,rise,159.6011,112.929,False
rev_toffoli,sf,1.8,27,B,B_OUT,111,101,fall,0.0,60.0,True
rev_toffoli,sf,1.8,27,B,C_OUT,111,101,rise,197.9917,115.5654,False
rev_toffoli,sf,1.8,27,C,C_OUT,111,110,rise,171.6347,256.0704,False
rev_toffoli,sf,1.62,125,A,A_OUT,000,100,rise,0.0,60.0,True
rev_toffoli,sf,1.62,125,B,B_OUT,000,010,rise,0.0,60.0,True
rev_toffoli,sf,1.62,125,C,C_OUT,000,001,rise,46.5386,145.3602,False
rev_toffoli,sf,1.62,125,A,A_OUT,001,101,rise,0.0,60.0,True
rev_toffoli,sf,1.62,125,B,B_OUT,001,011,rise,0.0,60.0,True
rev_toffoli,sf,1.62,125,C,C_OUT,001,000,fall,46.5045,47.0291,False
rev_toffoli,sf,1.62,125,A,A_OUT,010,110,rise,0.0,60.0,True
rev_toffoli,sf,1.62,125,A,C_OUT,010,110,rise,182.9973,277.0739,False
rev_toffoli,sf,1.62,125,B,B_OUT,010,000,fall,0.0,60.0,True
rev_toffoli,sf,1.62,125,C,C_OUT,010,011,rise,44.3327,143.3005,False
rev_toffoli,sf,1.62,125,A,A_OUT,011,111,rise,0.0,60.0,True
rev_toffoli,sf,1.62,125,A,C_OUT,011,111,fall,129.3093,69.6199,False
rev_toffoli,sf,1.62,125,B,B_OUT,011,001,fall,0.0,60.0,True
rev_toffoli,sf,1.62,125,C,C_OUT,011,010,fall,47.399,48.0202,False
rev_toffoli,sf,1.62,125,A,A_OUT,100,000,fall,0.0,60.0,True
rev_toffoli,sf,1.62,125,B,B_OUT,100,110,rise,0.0,60.0,True
rev_toffoli,sf,1.62,125,B,C_OUT,100,110,rise,187.6459,277.18,False
rev_toffoli,sf,1.62,125,C,C_OUT,100,101,rise,44.3377,143.3054,False
rev_toffoli,sf,1.62,125,A,A_OUT,101,001,fall,0.0,60.0,True
rev_toffoli,sf,1.62,125,B,B_OUT,101,111,rise,0.0,60.0,True
rev_toffoli,sf,1.62,125,B,C_OUT,101,111,fall,133.9767,69.6332,False
rev_toffoli,sf,1.62,125,C,C_OUT,101,100,fall,47.4015,48.0219,False
rev_toffoli,sf,1.62,125,A,A_OUT,110,010,fall,0.0,60.0,True
rev_toffoli,sf,1.62,125,A,C_OUT,110,010,fall,156.1267,54.7819,False
rev_toffoli,sf,1.62,125,B,B_OUT,110,100,fall,0.0,60.0,True
rev_toffoli,sf,1.62,125,B,C_OUT,110,100,fall,195.3574,58.2985,False
rev_toffoli,sf,1.62,125,C,C_OUT,110,111,fall,77.3734,62.2397,False
rev_toffoli,sf,1.62,125,A,A_OUT,111,011,fall,0.0,60.0,True
rev_toffoli,sf,1.62,125,A,C_OUT,111,011,rise,180.344,129.3285,False
rev_toffoli,sf,1.62,125,B,B_OUT,111,101,fall,0.0,60.0,True
rev_toffoli,sf,1.62,125,B,C_OUT,111,101,rise,221.7008,131.5785,False
rev_toffoli,sf,1.62,125,C,C_OUT,111,110,rise,190.4769,294.6985,False
rev_toffoli,sf,1.98,-40,A,A_OUT,000,100,rise,0.0,60.0,True
rev_toffoli,sf,1.98,-40,B,B_OUT,000,010,rise,0.0,60.0,True
rev_toffoli,sf,1.98,-40,C,C_OUT,000,001,rise,28.6623,121.2777,False
rev_toffoli,sf,1.98,-40,A,A_OUT,001,101,rise,0.0,60.0,True
rev_toffoli,sf,1.98,-40,B,B_OUT,001,011,rise,0.0,60.0,True
rev_toffoli,sf,1.98,-40,C,C_OUT,001,000,fall,35.179,38.9541,False
rev_toffoli,sf,1.98,-40,A,A_OUT,010,110,rise,0.0,60.0,True
rev_toffoli,sf,1.98,-40,A,C_OUT,010,110,rise,122.6393,198.802,False
rev_toffoli,sf,1.98,-40,B,B_OUT,010,000,fall,0.0,60.0,True
rev_toffoli,sf,1.98,-40,C,C_OUT,010,011,rise,26.1715,119.6891,False
rev_toffoli,sf,1.98,-40,A,A_OUT,011,111,rise,0.0,60.0,True
rev_toffoli,sf,1.98,-40,A,C_OUT,011,111,fall,83.705,40.2857,False
rev_toffoli,sf,1.98,-40,B,B_OUT,011,001,fall,0.0,60.0,True
rev_toffoli,sf,1.98,-40,C,C_OUT,011,010,fall,36.0001,39.4396,False
rev_toffoli,sf,1.98,-40,A,A_OUT,100,000,fall,0.0,60.0,True
rev_toffoli,sf,1.98,-40,B,B_OUT,100,110,rise,0.0,60.0,True
rev_toffoli,sf,1.98,-40,B,C_OUT,100,110,rise,126.9331,198.9118,False
rev_toffoli,sf,1.98,-40,C,C_OUT,100,101,rise,26.1738,119.6909,False
rev_toffoli,sf,1.98,-40,A,A_OUT,101,001,fall,0.0,60.0,True
rev_toffoli,sf,1.98,-40,B,B_OUT,101,111,rise,0.0,60.0,True
rev_toffoli,sf,1.98,-40,B,C_OUT,101,111,fall,88.1269,40.3472,False
rev_toffoli,sf,1.98,-40,C,C_OUT,101,100,fall,36.0012,39.4397,False
rev_toffoli,sf,1.98,-40,A,A_OUT,110,010,fall,0.0,60.0,True
rev_toffoli,sf,1.98,-40,A,C_OUT,110,010,fall,120.505,37.9354,False
rev_toffoli,sf,1.98,-40,B,B_OUT,110,100,fall,0.0,60.0,True
rev_toffoli,sf,1.98,-40,B,C_OUT,110,100,fall,151.4746,41.7898,False
rev_toffoli,sf,1.98,-40,C,C_OUT,110,111,fall,51.0294,37.2849,False
rev_toffoli,sf,1.98,-40,A,A_OUT,111,011,fall,0.0,60.0,True
rev_toffoli,sf,1.98,-40,A,C_OUT,111,011,rise,137.6834,95.6383,False
rev_toffoli,sf,1.98,-40,B,B_OUT,111,101,fall,0.0,60.0,True
rev_toffoli,sf,1.98,-40,B,C_OUT,111,101,rise,171.4297,98.6677,False
rev_toffoli,sf,1.98,-40,C,C_OUT,111,110,rise,148.0343,214.9788,False
rev_toffoli,fs,1.8,27,A,A_OUT,000,100,rise,0.0,60.0,True
rev_toffoli,fs,1.8,27,B,B_OUT,000,010,rise,0.0,60.0,True
rev_toffoli,fs,1.8,27,C,C_OUT,000,001,rise,44.252,100.5524,False
rev_toffoli,fs,1.8,27,A,A_OUT,001,101,rise,0.0,60.0,True
rev_toffoli,fs,1.8,27,B,B_OUT,001,011,rise,0.0,60.0,True
rev_toffoli,fs,1.8,27,C,C_OUT,001,000,fall,42.4447,59.1346,False
rev_toffoli,fs,1.8,27,A,A_OUT,010,110,rise,0.0,60.0,True
rev_toffoli,fs,1.8,27,A,C_OUT,010,110,rise,127.8995,136.3689,False
rev_toffoli,fs,1.8,27,B,B_OUT,010,000,fall,0.0,60.0,True
rev_toffoli,fs,1.8,27,C,C_OUT,010,011,rise,43.4756,100.3696,False
rev_toffoli,fs,1.8,27,A,A_OUT,011,111,rise,0.0,60.0,True
rev_toffoli,fs,1.8,27,A,C_OUT,011,111,fall,104.1355,66.2457,False
rev_toffoli,fs,1.8,27,B,B_OUT,011,001,fall,0.0,60.0,True
rev_toffoli,fs,1.8,27,C,C_OUT,011,010,fall,42.9949,60.1794,False
rev_toffoli,fs,1.8,27,A,A_OUT,100,000,fall,0.0,60.0,True
rev_toffoli,fs,1.8,27,B,B_OUT,100,110,rise,0.0,60.0,True
rev_toffoli,fs,1.8,27,B,C_OUT,100,110,rise,133.1601,136.4254,False
rev_toffoli,fs,1.8,27,C,C_OUT,100,101,rise,43.4771,100.3683,False
rev_toffoli,fs,1.8,27,A,A_OUT,101,001,fall,0.0,60.0,True
rev_toffoli,fs,1.8,27,B,B_OUT,101,111,rise,0.0,60.0,True
rev_toffoli,fs,1.8,27,B,C_OUT,101,111,fall,109.3984,66.2968,False
rev_toffoli,fs,1.8,27,C,C_OUT,101,100,fall,42.9958,60.1807,False
rev_toffoli,fs,1.8,27,A,A_OUT,110,010,fall,0.0,60.0,True
rev_toffoli,fs,1.8,27,A,C_OUT,110,010,fall,106.2948,42.2808,False
rev_toffoli,fs,1.8,27,B,B_OUT,110,100,fall,0.0,60.0,True
rev_toffoli,fs,1.8,27,B,C_OUT,110,100,fall,129.1428,43.395,False
rev_toffoli,fs,1.8,27,C,C_OUT,110,111,fall,82.5521,64.1004,False
rev_toffoli,fs,1.8,27,A,A_OUT,111,011,fall,0.0,60.0,True
rev_toffoli,fs,1.8,27,A,C_OUT,111,011,rise,119.0013,69.9691,False
rev_toffoli,fs,1.8,27,B,B_OUT,111,101,fall,0.0,60.0,True
rev_toffoli,fs,1.8,27,B,C_OUT,111,101,rise,142.0559,70.3315,False
rev_toffoli,fs,1.8,27,C,C_OUT,111,110,rise,114.0963,145.1668,False
rev_toffoli,fs,1.62,125,A,A_OUT,000,100,rise,0.0,60.0,True
rev_toffoli,fs,1.62,125,B,B_OUT,000,010,rise,0.0,60.0,True
rev_toffoli,fs,1.62,125,C,C_OUT,000,001,rise,51.4619,103.969,False
rev_toffoli,fs,1.62,125,A,A_OUT,001,101,rise,0.0,60.0,True
rev_toffoli,fs,1.62,125,B,B_OUT,001,011,rise,0.0,60.0,True
rev_toffoli,fs,1.62,125,C,C_OUT,001,000,fall,48.9259,68.8958,False
rev_toffoli,fs,1.62,125,A,A_OUT,010,110,rise,0.0,60.0,True
rev_toffoli,fs,1.62,125,A,C_OUT,010,110,rise,153.8937,158.7175,False
rev_toffoli,fs,1.62,125,B,B_OUT,010,000,fall,0.0,60.0,True
rev_toffoli,fs,1.62,125,C,C_OUT,010,011,rise,50.815,103.9771,False
rev_toffoli,fs,1.62,125,A,A_OUT,011,111,rise,0.0,60.0,True
rev_toffoli,fs,1.62,125,A,C_OUT,011,111,fall,135.9325,99.7671,False
rev_toffoli,fs,1.62,125,B,B_OUT,011,001,fall,0.0,60.0,True
rev_toffoli,fs,1.62,125,C,C_OUT,011,010,fall,49.5427,70.2695,False
rev_toffoli,fs,1.62,125,A,A_OUT,100,000,fall,0.0,60.0,True
rev_toffoli,fs,1.62,125,B,B_OUT,100,110,rise,0.0,60.0,True
rev_toffoli,fs,1.62,125,B,C_OUT,100,110,rise,162.0911,158.7389,False
rev_toffoli,fs,1.62,125,C,C_OUT,100,101,rise,50.8169,103.9768,False
rev_toffoli,fs,1.62,125,A,A_OUT,101,001,fall,0.0,60.0,True
rev_toffoli,fs,1.62,125,B,B_OUT,101,111,rise,0.0,60.0,True
rev_toffoli,fs,1.62,125,B,C_OUT,101,111,fall,144.1817,99.8723,False
rev_toffoli,fs,1.62,125,C,C_OUT,101,100,fall,49.5442,70.2725,False
rev_toffoli,fs,1.62,125,A,A_OUT,110,010,fall,0.0,60.0,True
rev_toffoli,fs,1.62,125,A,C_OUT,110,010,fall,126.9578,56.5756,False
rev_toffoli,fs,1.62,125,B,B_OUT,110,100,fall,0.0,60.0,True
rev_toffoli,fs,1.62,125,B,C_OUT,110,100,fall,152.7225,58.1807,False
rev_toffoli,fs,1.62,125,C,C_OUT,110,111,fall,108.2742,98.0172,False
rev_toffoli,fs,1.62,125,A,A_OUT,111,011,fall,0.0,60.0,True
rev_toffoli,fs,1.62,125,A,C_OUT,111,011,rise,140.7045,81.5698,False
rev_toffoli,fs,1.62,125,B,B_OUT,111,101,fall,0.0,60.0,True
rev_toffoli,fs,1.62,125,B,C_OUT,111,101,rise,166.6511,81.9622,False
rev_toffoli,fs,1.62,125,C,C_OUT,111,110,rise,130.5007,167.3253,False
rev_toffoli,fs,1.98,-40,A,A_OUT,000,100,rise,0.0,60.0,True
rev_toffoli,fs,1.98,-40,B,B_OUT,000,010,rise,0.0,60.0,True
rev_toffoli,fs,1.98,-40,C,C_OUT,000,001,rise,37.287,98.4563,False
rev_toffoli,fs,1.98,-40,A,A_OUT,001,101,rise,0.0,60.0,True
rev_toffoli,fs,1.98,-40,B,B_OUT,001,011,rise,0.0,60.0,True
rev_toffoli,fs,1.98,-40,C,C_OUT,001,000,fall,36.7276,52.7441,False
rev_toffoli,fs,1.98,-40,A,A_OUT,010,110,rise,0.0,60.0,True
rev_toffoli,fs,1.98,-40,A,C_OUT,010,110,rise,108.3718,123.6466,False
rev_toffoli,fs,1.98,-40,B,B_OUT,010,000,fall,0.0,60.0,True
rev_toffoli,fs,1.98,-40,C,C_OUT,010,011,rise,36.2369,98.0607,False
rev_toffoli,fs,1.98,-40,A,A_OUT,011,111,rise,0.0,60.0,True
rev_toffoli,fs,1.98,-40,A,C_OUT,011,111,fall,82.4104,47.3257,False
rev_toffoli,fs,1.98,-40,B,B_OUT,011,001,fall,0.0,60.0,True
rev_toffoli,fs,1.98,-40,C,C_OUT,011,010,fall,37.3153,53.577,False
rev_toffoli,fs,1.98,-40,A,A_OUT,100,000,fall,0.0,60.0,True
rev_toffoli,fs,1.98,-40,B,B_OUT,100,110,rise,0.0,60.0,True
rev_toffoli,fs,1.98,-40,B,C_OUT,100,110,rise,112.5993,123.6819,False
rev_toffoli,fs,1.98,-40,C,C_OUT,100,101,rise,36.2382,98.0612,False
rev_toffoli,fs,1.98,-40,A,A_OUT,101,001,fall,0.0,60.0,True
rev_toffoli,fs,1.98,-40,B,B_OUT,101,111,rise,0.0,60.0,True
rev_toffoli,fs,1.98,-40,B,C_OUT,101,111,fall,86.7294,47.373,False
rev_toffoli,fs,1.98,-40,C,C_OUT,101,100,fall,37.3161,53.5778,False
rev_toffoli,fs,1.98,-40,A,A_OUT,110,010,fall,0.0,60.0,True
rev_toffoli,fs,1.98,-40,A,C_OUT,110,010,fall,91.9301,34.0636,False
rev_toffoli,fs,1.98,-40,B,B_OUT,110,100,fall,0.0,60.0,True
rev_toffoli,fs,1.98,-40,B,C_OUT,110,100,fall,113.1208,34.9876,False
rev_toffoli,fs,1.98,-40,C,C_OUT,110,111,fall,66.1131,45.5547,False
rev_toffoli,fs,1.98,-40,A,A_OUT,111,011,fall,0.0,60.0,True
rev_toffoli,fs,1.98,-40,A,C_OUT,111,011,rise,104.0649,63.6191,False
rev_toffoli,fs,1.98,-40,B,B_OUT,111,101,fall,0.0,60.0,True
rev_toffoli,fs,1.98,-40,B,C_OUT,111,101,rise,125.5734,64.0711,False
rev_toffoli,fs,1.98,-40,C,C_OUT,111,110,rise,101.3363,132.0716,False
